id,chr,pos,BAF,DR,total,minor
0,chr1,1,0.499315715938382,0.861700716974093,3,1
1,chr1,2,0.498000756033926,0.74544153895716,2,1
2,chr1,3,0.5,0.673843946158371,2,1
3,chr1,4,0.496053229941231,0.634026231446699,2,1
4,chr1,5,0.5,0.725794927940791,2,1
5,chr1,6,0.49090048587449,0.581836176360253,2,1
6,chr1,7,0.5,0.674392358691189,2,1
7,chr1,8,0.5,0.55404485009842,2,1
8,chr1,9,0.490343565731502,0.775905513806037,2,1
9,chr1,10,0.5,0.804420113471221,2,1
10,chr1,11,0.494867707817297,0.602951665244714,2,1
11,chr1,12,0.5,0.810956731231389,2,1
12,chr1,13,0.5,0.671222684888312,2,1
13,chr1,14,0.5,0.525678512948126,2,1
14,chr1,15,0.489937294394753,0.70642165262364,2,1
15,chr1,16,0.497267044167807,0.774434160077642,2,1
16,chr1,17,0.5,0.69152295120196,2,1
17,chr1,18,0.5,0.4989707995102,2,1
18,chr1,19,0.5,0.645472936027627,2,1
19,chr1,20,0.5,0.807806285770239,2,1
20,chr1,21,0.494205967020871,0.560609487913875,2,1
21,chr1,22,0.5,0.603359521679034,2,1
22,chr1,23,0.5,0.723334349108534,2,1
23,chr1,24,0.499385003894194,0.621092327557885,2,1
24,chr1,25,0.5,0.821876089030995,2,1
25,chr1,26,0.492200576791586,0.928545455794224,3,1
26,chr1,27,0.5,0.674019093922332,2,1
27,chr1,28,0.494175278525922,0.79709171324627,2,1
28,chr1,29,0.5,0.767951541927267,2,1
29,chr1,30,0.489478854448962,0.823218999206453,2,1
30,chr1,31,0.5,0.733451113926042,2,1
31,chr1,32,0.5,0.760860099824457,2,1
32,chr1,33,0.5,0.698982616881476,2,1
33,chr1,34,0.495497170211119,0.589969964176838,2,1
34,chr1,35,0.493620928215002,0.630619044873824,2,1
35,chr1,36,0.498382497819025,0.533073987642337,2,1
36,chr1,37,0.5,0.869400764699865,3,1
37,chr1,38,0.5,0.548536467920184,2,1
38,chr1,39,0.5,0.843969094371778,2,1
39,chr1,40,0.491325187617509,0.683901342360421,2,1
40,chr1,41,0.497057907990312,0.549932944921534,2,1
41,chr1,42,0.5,0.82065228592947,2,1
42,chr1,43,0.5,0.688967311793748,2,1
43,chr1,44,0.489745934946461,0.659290918225079,2,1
44,chr1,45,0.49576287451355,0.756086598280762,2,1
45,chr1,46,0.499068736863543,0.730611898357907,2,1
46,chr1,47,0.497913511943472,0.691780517873161,2,1
47,chr1,48,0.5,0.655749792389882,2,1
48,chr1,49,0.497668489626651,0.716256359951229,2,1
49,chr1,50,0.5,0.817520112666249,2,1
50,chr1,51,0.5,0.557930187522502,2,1
51,chr1,52,0.488555603076615,0.767373976406895,2,1
52,chr1,53,0.5,0.559184730576614,2,1
53,chr1,54,0.5,0.779707232347645,2,1
54,chr1,55,0.496782651732934,0.767674324036657,2,1
55,chr1,56,0.495741625453624,0.683750297027855,2,1
56,chr1,57,0.5,0.70712918842783,2,1
57,chr1,58,0.491412729798884,0.757053627983742,2,1
58,chr1,59,0.49918501197601,0.652773459132458,2,1
59,chr1,60,0.5,0.744513730925351,2,1
60,chr1,61,0.496905139687887,0.781210334984227,2,1
61,chr1,62,0.5,0.651245750123271,2,1
62,chr1,63,0.5,0.698845886280434,2,1
63,chr1,64,0.496528783575676,0.656708176744925,2,1
64,chr1,65,0.497474973205276,0.669615711158145,2,1
65,chr1,66,0.492987435291537,0.68986327993919,2,1
66,chr1,67,0.5,0.887069338931048,3,1
67,chr1,68,0.5,0.980650770452439,3,1
68,chr1,69,0.498143136279838,0.707435302383044,2,1
69,chr1,70,0.493644809880842,0.698139587212336,2,1
70,chr1,71,0.496841267140177,0.550742426845137,2,1
71,chr1,72,0.5,0.803845610210138,2,1
72,chr1,73,0.5,0.753358965532341,2,1
73,chr1,74,0.5,0.720901679529603,2,1
74,chr1,75,0.493667964435363,0.824391454991026,2,1
75,chr1,76,0.5,0.696871477264778,2,1
76,chr1,77,0.5,0.639631465040032,2,1
77,chr1,78,0.495568177361325,0.549965158622063,2,1
78,chr1,79,0.49238914200042,0.655830926948779,2,1
79,chr1,80,0.49976169671703,0.629304256648242,2,1
80,chr1,81,0.498630891108031,0.848229891544679,2,1
81,chr1,82,0.5,0.872183622540313,3,1
82,chr1,83,0.48631890125408,0.532397613364845,2,1
83,chr1,84,0.5,0.651447556895014,2,1
84,chr1,85,0.5,0.670262462375753,2,1
85,chr1,86,0.5,0.687781307217982,2,1
86,chr1,87,0.491038904959988,0.669498834556841,2,1
87,chr1,88,0.494536788100534,0.773910380844665,2,1
88,chr1,89,0.499062140632481,0.670309892753711,2,1
89,chr1,90,0.5,0.642881970231742,2,1
90,chr1,91,0.499603381281919,0.6119335547852,2,1
91,chr1,92,0.499508620344282,0.683553007263653,2,1
92,chr1,93,0.5,0.767662113235222,2,1
93,chr1,94,0.493310459486012,0.794668082753257,2,1
94,chr1,95,0.5,0.734335021463648,2,1
95,chr1,96,0.48796601596727,0.850637679263006,2,1
96,chr1,97,0.5,0.775952843249363,2,1
97,chr1,98,0.498174673247357,0.732226369766832,2,1
98,chr1,99,0.5,0.78445718602274,2,1
99,chr1,100,0.491381416264799,0.828856185014951,2,1
100,chr1,101,0.497719465493133,0.820532797166201,2,1
101,chr1,102,0.5,0.679482464504786,2,1
102,chr1,103,0.496248607927385,0.865314165121244,3,1
103,chr1,104,0.498327108793278,0.670123754129694,2,1
104,chr1,105,0.5,0.652752861701777,2,1
105,chr1,106,0.49941272753491,0.616456114202348,2,1
106,chr1,107,0.497352860722435,0.712494985321186,2,1
107,chr1,108,0.497328810947273,0.852909969359428,2,1
108,chr1,109,0.496247759016937,0.538761254962615,2,1
109,chr1,110,0.495829539096884,0.576664606155378,2,1
110,chr1,111,0.493679785464955,0.850001045656783,2,1
111,chr1,112,0.495439660820263,0.628675384792481,2,1
112,chr1,113,0.5,0.642207662979936,2,1
113,chr1,114,0.493877098122952,0.807316296268586,2,1
114,chr1,115,0.494187001751383,0.606272423064805,2,1
115,chr1,116,0.5,0.716363545525339,2,1
116,chr1,117,0.5,0.679342429881915,2,1
117,chr1,118,0.499844805665325,0.753376073055105,2,1
118,chr1,119,0.498145227884354,0.575687407388599,2,1
119,chr1,120,0.497934035716606,0.623749391028982,2,1
120,chr1,121,0.5,0.697246592061647,2,1
121,chr1,122,0.5,0.825128775846702,2,1
122,chr1,123,0.49813190008259,0.540485751764219,2,1
123,chr1,124,0.5,0.660105052676286,2,1
124,chr1,125,0.5,0.653850011949232,2,1
125,chr1,126,0.5,0.785916470549114,2,1
126,chr1,127,0.495211562987177,0.567208298525112,2,1
127,chr1,128,0.5,0.486615388440271,2,1
128,chr1,129,0.494605572303525,0.625511701450166,2,1
129,chr1,130,0.5,0.658865293462286,2,1
130,chr1,131,0.495233251193138,0.751608991510311,2,1
131,chr1,132,0.5,0.920527703320694,3,1
132,chr1,133,0.493974127465152,0.644400664407901,2,1
133,chr1,134,0.494772074675769,0.704530991416199,2,1
134,chr1,135,0.5,0.668896761179179,2,1
135,chr1,136,0.5,0.681360761587779,2,1
136,chr1,137,0.5,0.78279797058614,2,1
137,chr1,138,0.494729304481321,0.799550572397883,2,1
138,chr1,139,0.499919366549828,0.709374384808084,2,1
139,chr1,140,0.49704572318724,0.73217998844477,2,1
140,chr1,141,0.5,0.737971827561065,2,1
141,chr1,142,0.5,0.619416562146526,2,1
142,chr1,143,0.492949164827566,0.766742030762164,2,1
143,chr1,144,0.4910135778063,0.769864697940245,2,1
144,chr1,145,0.5,0.751949537164228,2,1
145,chr1,146,0.5,0.54457288809603,2,1
146,chr1,147,0.496604094989671,0.646964425980715,2,1
147,chr1,148,0.493346889573558,0.703827652844492,2,1
148,chr1,149,0.5,0.795934421190804,2,1
149,chr1,150,0.5,0.613060689818781,2,1
150,chr1,151,0.496335301466479,0.813534911484648,2,1
151,chr1,152,0.5,0.665603527473446,2,1
152,chr1,153,0.5,0.704848848492864,2,1
153,chr1,154,0.5,0.696339310610261,2,1
154,chr1,155,0.491496532329311,0.694247721518759,2,1
155,chr1,156,0.49976952551764,0.700567607208193,2,1
156,chr1,157,0.5,0.562466332063457,2,1
157,chr1,158,0.5,0.681534672556057,2,1
158,chr1,159,0.5,0.791043261797225,2,1
159,chr1,160,0.492894567446922,0.60204287035501,2,1
160,chr1,161,0.5,0.677016453391078,2,1
161,chr1,162,0.499775442526168,0.764775319955704,2,1
162,chr1,163,0.5,0.591151335731182,2,1
163,chr1,164,0.5,0.731660951403421,2,1
164,chr1,165,0.5,0.709390451547313,2,1
165,chr1,166,0.5,0.648083715695314,2,1
166,chr1,167,0.5,0.668888997001773,2,1
167,chr1,168,0.5,0.777836396481277,2,1
168,chr1,169,0.499626250603195,0.603467018792126,2,1
169,chr1,170,0.493572274027451,0.832965294681461,2,1
170,chr1,171,0.497499055421338,0.78734347422843,2,1
171,chr1,172,0.5,0.72934941442044,2,1
172,chr1,173,0.496976749273287,0.67400517057735,2,1
173,chr1,174,0.498901572894408,0.716857935560906,2,1
174,chr1,175,0.496222588313437,0.669982701982814,2,1
175,chr1,176,0.5,0.738236239568025,2,1
176,chr1,177,0.498636666230688,0.586061545231028,2,1
177,chr1,178,0.499176021905014,0.661913141989039,2,1
178,chr1,179,0.5,0.728755574482748,2,1
179,chr1,180,0.5,0.74863335344173,2,1
180,chr1,181,0.499513856521678,0.583824860457839,2,1
181,chr1,182,0.494220471366569,0.735308944198846,2,1
182,chr1,183,0.5,0.762487268735329,2,1
183,chr1,184,0.495385205737641,0.559536416884247,2,1
184,chr1,185,0.5,0.612881468803678,2,1
185,chr1,186,0.492009819454863,0.672476561190708,2,1
186,chr1,187,0.5,0.698687676610822,2,1
187,chr1,188,0.498503925966887,0.782145436032439,2,1
188,chr1,189,0.5,0.89922551811194,3,1
189,chr1,190,0.49763444288949,0.551574475495202,2,1
190,chr1,191,0.497380777945893,0.590105429952867,2,1
191,chr1,192,0.49568858577863,0.759994126226379,2,1
192,chr1,193,0.5,0.679789080872401,2,1
193,chr1,194,0.5,0.714042511940788,2,1
194,chr1,195,0.492918722493948,0.79373860714844,2,1
195,chr1,196,0.5,0.772910802675291,2,1
196,chr1,197,0.499761826070502,0.789579532019994,2,1
197,chr1,198,0.490461215639461,0.591612644733089,2,1
198,chr1,199,0.5,0.67150210375935,2,1
199,chr1,200,0.5,0.846899627018414,2,1
200,chr1,201,0.5,0.819130028645251,2,1
201,chr1,202,0.5,0.792311814391532,2,1
202,chr1,203,0.5,0.752857449705171,2,1
203,chr1,204,0.495320420233526,0.765193583057603,2,1
204,chr1,205,0.494037700126217,0.692121817378137,2,1
205,chr1,206,0.5,0.547999704668763,2,1
206,chr1,207,0.5,0.671542182010981,2,1
207,chr1,208,0.495486691206377,0.500807555287403,2,1
208,chr1,209,0.5,0.843026254298813,2,1
209,chr1,210,0.5,0.679020041978736,2,1
210,chr1,211,0.5,0.75960857011705,2,1
211,chr1,212,0.5,0.931649126171388,3,1
212,chr1,213,0.494981483629331,0.864052662305988,3,1
213,chr1,214,0.497082718907809,0.572753070661658,2,1
214,chr1,215,0.497987559035165,0.610849298408033,2,1
215,chr1,216,0.5,0.706663627356592,2,1
216,chr1,217,0.5,0.690518444178882,2,1
217,chr1,218,0.5,0.740782783987575,2,1
218,chr1,219,0.5,0.444738610760867,2,1
219,chr1,220,0.5,0.697307357784078,2,1
220,chr1,221,0.5,0.717535741399343,2,1
221,chr1,222,0.494480280053715,0.778541109107748,2,1
222,chr1,223,0.497808513741697,0.636015502576995,2,1
223,chr1,224,0.498685143045523,0.564215796373755,2,1
224,chr1,225,0.5,0.66562955685064,2,1
225,chr1,226,0.5,0.802500578704271,2,1
226,chr1,227,0.499360063867484,0.723977236972395,2,1
227,chr1,228,0.498832770830839,0.705901804929224,2,1
228,chr1,229,0.5,0.654427859088503,2,1
229,chr1,230,0.5,0.546006592110597,2,1
230,chr1,231,0.496674274901453,0.531906652013445,2,1
231,chr1,232,0.496856133031195,0.670014424191137,2,1
232,chr1,233,0.497149395143982,0.688772123770092,2,1
233,chr1,234,0.49939206668215,0.546327524227131,2,1
234,chr1,235,0.495510804956917,0.75627054249662,2,1
235,chr1,236,0.5,0.816823538546365,2,1
236,chr1,237,0.497075411673076,0.829396200384961,2,1
237,chr1,238,0.5,0.642414806639549,2,1
238,chr1,239,0.5,0.598291677192655,2,1
239,chr1,240,0.497876509370044,0.546078036837854,2,1
240,chr1,241,0.494052636634638,0.618767803529791,2,1
241,chr1,242,0.5,0.792772700983445,2,1
242,chr1,243,0.5,0.763978160229212,2,1
243,chr1,244,0.5,0.646559151003883,2,1
244,chr1,245,0.499855949059318,0.6484907949164,2,1
245,chr1,246,0.499026291503936,0.864596858605415,3,1
246,chr1,247,0.496111837277614,0.813838445146713,2,1
247,chr1,248,0.5,0.6562895214745,2,1
248,chr1,249,0.494460604776826,0.562981156529403,2,1
249,chr1,250,0.5,0.747096291837227,2,1
250,chr1,251,0.489871383001327,0.869434618183773,3,1
251,chr1,252,0.498932391089459,0.6447317288774,2,1
252,chr1,253,0.495878154203427,0.64099918447013,2,1
253,chr1,254,0.5,0.776628562635794,2,1
254,chr1,255,0.5,0.70495052218642,2,1
255,chr1,256,0.498772984219631,0.8331052943116,2,1
256,chr1,257,0.497521165078028,0.688340869728661,2,1
257,chr1,258,0.497806302849907,0.625784480183423,2,1
258,chr1,259,0.494065913116843,0.675125562942735,2,1
259,chr1,260,0.498699790333292,0.621248282268436,2,1
260,chr1,261,0.5,0.829108490112981,2,1
261,chr1,262,0.5,0.721419954565112,2,1
262,chr1,263,0.496020449293011,0.737945461222904,2,1
263,chr1,264,0.496074942654779,0.526969228917641,2,1
264,chr1,265,0.5,0.590156519948209,2,1
265,chr1,266,0.5,0.875516129220904,3,1
266,chr1,267,0.5,0.775212998542793,2,1
267,chr1,268,0.49942058839376,0.808744826332432,2,1
268,chr1,269,0.5,0.498169965428463,2,1
269,chr1,270,0.497662483517367,0.776194687873343,2,1
270,chr1,271,0.497480433271359,0.678448190822349,2,1
271,chr1,272,0.499806104679709,0.606667300311609,2,1
272,chr1,273,0.497451435125592,0.766761187656943,2,1
273,chr1,274,0.5,0.718157147436364,2,1
274,chr1,275,0.494853782000454,0.690013069037526,2,1
275,chr1,276,0.487807745764475,0.949327702737381,3,1
276,chr1,277,0.495551086325424,0.748652599140336,2,1
277,chr1,278,0.5,0.621861003322489,2,1
278,chr1,279,0.5,0.619578931441506,2,1
279,chr1,280,0.5,0.814119537916094,2,1
280,chr1,281,0.49912704428257,0.951942890474557,3,1
281,chr1,282,0.5,0.730761565814236,2,1
282,chr1,283,0.5,0.638013132936711,2,1
283,chr1,284,0.496876937997223,0.46727478609317,2,1
284,chr1,285,0.494409433822287,0.5856285390279,2,1
285,chr1,286,0.5,0.542976361393055,2,1
286,chr1,287,0.49706662258409,0.693502273863853,2,1
287,chr1,288,0.499334105523057,0.716846942727044,2,1
288,chr1,289,0.498326409984462,0.550364724767805,2,1
289,chr1,290,0.499113104950421,0.892289635004841,3,1
290,chr1,291,0.5,0.800658817412487,2,1
291,chr1,292,0.494888161151124,0.654327253137911,2,1
292,chr1,293,0.495750455133698,0.655831085455113,2,1
293,chr1,294,0.5,0.707319785000278,2,1
294,chr1,295,0.5,0.787268592903288,2,1
295,chr1,296,0.5,0.51285024224211,2,1
296,chr1,297,0.498293700285027,0.82179529826637,2,1
297,chr1,298,0.5,0.712315573401632,2,1
298,chr1,299,0.497178329412615,0.642697628366842,2,1
299,chr1,300,0.494313627211385,0.785216598573772,2,1
300,chr1,301,0.190242667390211,1.84384184450041,6,1
301,chr1,302,0.191935104745358,1.99403873437339,6,1
302,chr1,303,0.188374432628163,1.98211032183113,6,1
303,chr1,304,0.191165230890354,1.91111434844915,6,1
304,chr1,305,0.190155510173387,2.01194717134543,6,1
305,chr1,306,0.191090645939046,1.83690766203917,6,1
306,chr1,307,0.19141959938445,1.77152618349034,6,1
307,chr1,308,0.202905051909379,1.87231966646202,6,1
308,chr1,309,0.194386116817876,1.86119938954746,6,1
309,chr1,310,0.187638377734745,1.86701488852358,6,1
310,chr1,311,0.188756125350277,1.82578937118592,6,1
311,chr1,312,0.1959896598137,1.6729261979482,5,1
312,chr1,313,0.187417489685252,2.01720813469715,6,1
313,chr1,314,0.190607256404345,1.96135059569547,6,1
314,chr1,315,0.18463512329429,1.91854092014583,6,1
315,chr1,316,0.189306356045862,1.79557291210297,6,1
316,chr1,317,0.191650888382085,1.78179960590145,6,1
317,chr1,318,0.185671784042992,2.04379065525287,7,1
318,chr1,319,0.183579376828845,2.00094787445803,6,1
319,chr1,320,0.191447999627752,2.05137799277691,7,1
320,chr1,321,0.18622866745959,1.77311945938976,6,1
321,chr1,322,0.186581106547509,1.98050231525208,6,1
322,chr1,323,0.198805439895274,1.88313478027936,6,1
323,chr1,324,0.192570392496113,1.70464809372022,5,1
324,chr1,325,0.187878070210989,2.00038305903073,6,1
325,chr1,326,0.185750228520975,2.00680831750892,6,1
326,chr1,327,0.193443027395135,1.88750114403939,6,1
327,chr1,328,0.189334872150675,1.89293494830024,6,1
328,chr1,329,0.193140789695,1.8873597909536,6,1
329,chr1,330,0.178237103464647,1.91243896690393,6,1
330,chr1,331,0.189005226540896,1.9027526981768,6,1
331,chr1,332,0.181292995351761,1.825067026085,6,1
332,chr1,333,0.191452451663213,1.87583303067779,6,1
333,chr1,334,0.178417616348419,1.83780275930245,6,1
334,chr1,335,0.187333903579671,1.87628085155517,6,1
335,chr1,336,0.178579726461785,1.87499824050587,6,1
336,chr1,337,0.187266713296273,1.87217422684448,6,1
337,chr1,338,0.195755236999356,2.07835547332913,7,1
338,chr1,339,0.189101042453551,1.70971306816942,5,1
339,chr1,340,0.190181494361593,1.77687193164926,6,1
340,chr1,341,0.190948671990332,1.91744161184541,6,1
341,chr1,342,0.187138219124942,1.91943249811317,6,1
342,chr1,343,0.188047039271872,1.842269993336,6,1
343,chr1,344,0.180601580967032,1.88524463508781,6,1
344,chr1,345,0.188494824956958,2.00595631141001,6,1
345,chr1,346,0.190852086478817,1.98143765771105,6,1
346,chr1,347,0.185235456319305,1.87162904307854,6,1
347,chr1,348,0.193646903056312,1.82288404103263,6,1
348,chr1,349,0.188887098267442,1.76302015187709,6,1
349,chr1,350,0.17948440234661,1.72870165853814,5,0
350,chr1,351,0.189852907356345,2.00755499254667,6,1
351,chr1,352,0.184419538785755,1.91175431623769,6,1
352,chr1,353,0.181285314684976,1.93786368740939,6,1
353,chr1,354,0.199857869978564,1.91931420237924,6,1
354,chr1,355,0.190190361676423,1.93439778186033,6,1
355,chr1,356,0.192719809353082,1.86296223193218,6,1
356,chr1,357,0.192791566056766,1.81771253160347,6,1
357,chr1,358,0.179957825592443,2.02531611983407,6,0
358,chr1,359,0.185632228838699,1.87640903059288,6,1
359,chr1,360,0.186713469984221,1.88123902858539,6,1
360,chr1,361,0.19146341513326,1.89776548039129,6,1
361,chr1,362,0.190523778673051,1.96883757964167,6,1
362,chr1,363,0.19269755665612,1.73421406018931,5,1
363,chr1,364,0.180308947122099,1.95884680912979,6,1
364,chr1,365,0.186550521675782,1.94505165450477,6,1
365,chr1,366,0.185429671758118,1.84396477373758,6,1
366,chr1,367,0.190995140230403,1.8821979051717,6,1
367,chr1,368,0.18949918524003,1.90740752220019,6,1
368,chr1,369,0.185384627155496,2.0070328206847,6,1
369,chr1,370,0.19125164376356,1.87018566765869,6,1
370,chr1,371,0.192556540457013,1.88544317260737,6,1
371,chr1,372,0.178430433237365,1.83890605118842,6,1
372,chr1,373,0.190952046751855,1.78677593281275,6,1
373,chr1,374,0.184267363263067,2.00736459863262,6,1
374,chr1,375,0.185599313216775,1.90652879019708,6,1
375,chr1,376,0.189844502612269,1.93367517891905,6,1
376,chr1,377,0.184911257685203,1.86941804385682,6,1
377,chr1,378,0.185967297379091,1.76586220131667,6,1
378,chr1,379,0.186388228428637,1.89080986736605,6,1
379,chr1,380,0.189259329620611,1.94574244146599,6,1
380,chr1,381,0.199078656967567,2.00372486337192,6,1
381,chr1,382,0.189440546250296,1.78531855806203,6,1
382,chr1,383,0.186484112313408,1.960316529408,6,1
383,chr1,384,0.18957727546292,1.87116964079354,6,1
384,chr1,385,0.187466977583011,1.81713690975367,6,1
385,chr1,386,0.190285817504094,1.85203522150224,6,1
386,chr1,387,0.187400776853181,1.98541834618436,6,1
387,chr1,388,0.187439655147202,1.83783938571144,6,1
388,chr1,389,0.192612862835601,1.91037220305502,6,1
389,chr1,390,0.183316462070815,1.79419216297506,6,1
390,chr1,391,0.185787784335164,1.97837351500517,6,1
391,chr1,392,0.183777280036694,2.00116683357552,6,1
392,chr1,393,0.180190485628098,1.90651540172904,6,1
393,chr1,394,0.182614085622465,1.713821011488,5,1
394,chr1,395,0.182066790498775,1.87606746005752,6,1
395,chr1,396,0.184456222403729,1.72638074926762,5,1
396,chr1,397,0.191381701102361,1.97366775289127,6,1
397,chr1,398,0.18536030214941,1.81451220110583,6,1
398,chr1,399,0.191614675456469,1.77070846609462,6,1
399,chr1,400,0.186742174431453,1.8190302780766,6,1
400,chr1,401,0.0864911875196003,0.873467155375052,3,0
401,chr1,402,0.089897739528806,0.736694588205755,2,0
402,chr1,403,0.0899595959305878,0.647338447780316,2,0
403,chr1,404,0.0889266618387384,0.711915411945791,2,0
404,chr1,405,0.0870956214149742,0.792245903757443,2,0
405,chr1,406,0.086686966210727,0.884238056380296,3,0
406,chr1,407,0.0825152062639841,0.599236257173275,2,0
407,chr1,408,0.07867991732488,0.738159059298921,2,0
408,chr1,409,0.0815064914714835,0.613138916945931,2,0
409,chr1,410,0.0855327216766845,0.667349920036677,2,0
410,chr1,411,0.0789300040214102,0.754082254904647,2,0
411,chr1,412,0.0816225633100983,0.636602256704984,2,0
412,chr1,413,0.0785241107997439,0.81302978440079,2,0
413,chr1,414,0.0873073614455801,0.67824352446036,2,0
414,chr1,415,0.0804195122781398,0.622103907564406,2,0
415,chr1,416,0.0908213979807104,0.772112917389789,2,0
416,chr1,417,0.0812928340463231,0.790153460152773,2,0
417,chr1,418,0.0809681972365151,0.928271019137221,3,0
418,chr1,419,0.088733832738843,0.629332179754822,2,0
419,chr1,420,0.0915381225271325,0.631263032250953,2,0
420,chr1,421,0.0885789764668633,0.634157107672763,2,0
421,chr1,422,0.0826586018646557,0.698125326610737,2,0
422,chr1,423,0.0922599045784058,0.46337992951987,1,0
423,chr1,424,0.0851979334350631,0.753882862748841,2,0
424,chr1,425,0.0802727999085135,0.5828745712626,2,0
425,chr1,426,0.0865918916213487,0.565610469211708,2,0
426,chr1,427,0.089384813092162,0.609849898645774,2,0
427,chr1,428,0.0849530315249973,0.811661887314212,2,0
428,chr1,429,0.0714292628708678,0.562968482170987,1,0
429,chr1,430,0.0805498617609696,0.730172802819926,2,0
430,chr1,431,0.0775411252029033,0.718228326222725,2,0
431,chr1,432,0.0865944500792763,0.647258593742989,2,0
432,chr1,433,0.0895144795179837,0.497071286896812,1,0
433,chr1,434,0.0882601936712525,0.637780498401478,2,0
434,chr1,435,0.086296741570655,0.746586434185619,2,0
435,chr1,436,0.090616295774183,0.661380485802408,2,0
436,chr1,437,0.0802640559153364,0.908817434920152,3,0
437,chr1,438,0.0899937415350763,0.510288060127361,1,0
438,chr1,439,0.0856784106305024,0.528770125319514,1,0
439,chr1,440,0.0818666289774348,0.384632088585652,1,0
440,chr1,441,0.0824588408338892,0.60977260933904,2,0
441,chr1,442,0.0792701144089813,0.62452597776375,2,0
442,chr1,443,0.0830188612308568,0.865582320161898,3,0
443,chr1,444,0.0907290288069698,0.726509772734484,2,0
444,chr1,445,0.0904102464491242,0.762693813332626,2,0
445,chr1,446,0.0831600825492939,0.630410640679466,2,0
446,chr1,447,0.072862519107217,0.430764906296552,1,0
447,chr1,448,0.0813268089748903,0.719116297828851,2,0
448,chr1,449,0.091169579983005,0.751700812430339,2,0
449,chr1,450,0.0911165047208647,0.746112445059466,2,0
450,chr1,451,0.085037480906301,0.741723584243288,2,0
451,chr1,452,0.0792595557166422,0.654543766647192,2,0
452,chr1,453,0.0844380031474495,0.793276164057761,2,0
453,chr1,454,0.0789707266779191,0.620973625348179,2,0
454,chr1,455,0.090505123991457,0.635721676782571,2,0
455,chr1,456,0.0860508423300373,0.884106840986484,3,0
456,chr1,457,0.0934578712748294,0.622345464336604,2,0
457,chr1,458,0.0910769003911309,0.830601472433644,2,0
458,chr1,459,0.0845032900864205,0.71789718622431,2,0
459,chr1,460,0.0812139706964191,0.792963022347646,2,0
460,chr1,461,0.0793481559307023,0.54330640489156,1,0
461,chr1,462,0.081921032545487,0.738571909979519,2,0
462,chr1,463,0.0860092286670134,0.771190768421989,2,0
463,chr1,464,0.0860176332920753,0.675875525648124,2,0
464,chr1,465,0.083158055092872,0.642996233790013,2,0
465,chr1,466,0.0826873130574731,0.822196385214727,2,0
466,chr1,467,0.0841389113683162,0.766405585576804,2,0
467,chr1,468,0.089247473239394,0.675775096440781,2,0
468,chr1,469,0.0804582754671948,0.73089955588161,2,0
469,chr1,470,0.080842731085203,0.560203859346832,1,0
470,chr1,471,0.0845744723030962,0.672997972686843,2,0
471,chr1,472,0.0901186498931131,0.672049619167115,2,0
472,chr1,473,0.0821430285330808,0.732120422752302,2,0
473,chr1,474,0.0914791616882952,0.821139269289863,2,0
474,chr1,475,0.0771224458922798,0.571754146201448,2,0
475,chr1,476,0.0779480711378927,0.853587792286514,2,0
476,chr1,477,0.0797133681259021,0.791844420160977,2,0
477,chr1,478,0.092464916782544,0.803606303207687,2,0
478,chr1,479,0.0834919869592566,0.507792629458499,1,0
479,chr1,480,0.087319552916528,0.789172002202807,2,0
480,chr1,481,0.0838306486893602,0.587406443351193,2,0
481,chr1,482,0.0841456762579372,0.532240574971846,1,0
482,chr1,483,0.0809726024011231,0.756111133589974,2,0
483,chr1,484,0.084672869219669,0.65353836928205,2,0
484,chr1,485,0.0854367259908688,0.783033528069097,2,0
485,chr1,486,0.0785052042886338,0.702048019975602,2,0
486,chr1,487,0.0896054541456475,0.59677562277023,2,0
487,chr1,488,0.09619789787756,0.599724855109122,2,0
488,chr1,489,0.0801928913385888,0.589420328410288,2,0
489,chr1,490,0.0898302099512363,0.787926201282529,2,0
490,chr1,491,0.0834093070850131,0.704053738878003,2,0
491,chr1,492,0.0859147246155048,0.685206378349009,2,0
492,chr1,493,0.0867453941659657,0.722672997790022,2,0
493,chr1,494,0.0770963297365979,0.740792012082312,2,0
494,chr1,495,0.0841244297224979,0.759628140486918,2,0
495,chr1,496,0.0756193256507891,0.55268114296624,1,0
496,chr1,497,0.084741752211563,0.702777234627043,2,0
497,chr1,498,0.0789561874364838,0.607134286699602,2,0
498,chr1,499,0.0881108876118077,0.588566510606431,2,0
499,chr1,500,0.0858906454520353,0.744942279392027,2,0
500,chr2,1,0.493258851304425,1.11126452618199,3,1
501,chr2,2,0.5,1.47571928295512,5,2
502,chr2,3,0.5,1.26141343933194,4,2
503,chr2,4,0.497595716934706,1.29948705848009,4,2
504,chr2,5,0.5,1.39735322375917,4,2
505,chr2,6,0.494809356117911,1.13241203608596,3,1
506,chr2,7,0.5,1.46051054421606,5,2
507,chr2,8,0.5,1.19784967359263,4,2
508,chr2,9,0.497915543501882,1.22425008900304,4,2
509,chr2,10,0.494107496644627,1.40719080440766,4,2
510,chr2,11,0.495798414200205,1.30721264545809,4,2
511,chr2,12,0.498030601288988,1.21001908135909,4,2
512,chr2,13,0.499176436186461,1.22021290933395,4,2
513,chr2,14,0.5,1.34114029569887,4,2
514,chr2,15,0.5,1.30576971961193,4,2
515,chr2,16,0.495204702081752,1.14352219571734,3,1
516,chr2,17,0.5,1.38482248612277,4,2
517,chr2,18,0.5,1.33944213525857,4,2
518,chr2,19,0.5,1.39555449789287,4,2
519,chr2,20,0.5,1.41291582551948,4,2
520,chr2,21,0.5,1.28987392438342,4,2
521,chr2,22,0.5,1.21436362736567,4,2
522,chr2,23,0.5,1.13843870211902,3,1
523,chr2,24,0.498215329990172,1.31825475084239,4,2
524,chr2,25,0.5,1.26346194471837,4,2
525,chr2,26,0.495808529910121,1.37562392616917,4,2
526,chr2,27,0.5,1.22804179940893,4,2
527,chr2,28,0.5,1.28231192881788,4,2
528,chr2,29,0.5,1.45596119886908,5,2
529,chr2,30,0.495354871767371,1.30840337529321,4,2
530,chr2,31,0.5,1.49115157778395,5,2
531,chr2,32,0.495435049953188,1.31302809111232,4,2
532,chr2,33,0.497680531471425,1.4748140346091,5,2
533,chr2,34,0.5,1.26601182405001,4,2
534,chr2,35,0.5,1.28112370649559,4,2
535,chr2,36,0.494625632305418,1.35804570775315,4,2
536,chr2,37,0.5,1.21009801599869,4,2
537,chr2,38,0.5,1.25030070678271,4,2
538,chr2,39,0.5,1.42016454762557,4,2
539,chr2,40,0.496341181747083,1.29601597648143,4,2
540,chr2,41,0.5,1.29218766671154,4,2
541,chr2,42,0.496629932695586,1.08926074325628,3,1
542,chr2,43,0.5,1.1935205459503,4,2
543,chr2,44,0.5,1.15249789297082,4,2
544,chr2,45,0.5,1.34652011179997,4,2
545,chr2,46,0.493890235417893,1.30680488374587,4,2
546,chr2,47,0.5,1.49044712899481,5,2
547,chr2,48,0.495651867526094,1.35743521229016,4,2
548,chr2,49,0.497106907781999,1.37088268023645,4,2
549,chr2,50,0.494950322808043,1.11209300995984,3,1
550,chr2,51,0.5,1.41728112110111,4,2
551,chr2,52,0.5,1.21890505790132,4,2
552,chr2,53,0.489776202018392,1.25268564778198,4,2
553,chr2,54,0.4949931570415,1.37591213653848,4,2
554,chr2,55,0.5,1.33681199843338,4,2
555,chr2,56,0.496904229958016,1.3843650307618,4,2
556,chr2,57,0.5,1.09431972184428,3,1
557,chr2,58,0.5,1.32057187581317,4,2
558,chr2,59,0.5,1.2250217912349,4,2
559,chr2,60,0.495821105019208,1.50710950554516,5,2
560,chr2,61,0.492560495169708,1.28658342031852,4,2
561,chr2,62,0.5,0.99498341016385,3,1
562,chr2,63,0.498598714263001,1.47797773378583,5,2
563,chr2,64,0.49259648106872,1.18680271673063,4,2
564,chr2,65,0.5,1.31194029023278,4,2
565,chr2,66,0.5,1.28482811845577,4,2
566,chr2,67,0.495603693344171,1.15419642512606,4,2
567,chr2,68,0.5,1.37433077841747,4,2
568,chr2,69,0.497748926116869,1.29364019897883,4,2
569,chr2,70,0.5,1.45009323446267,5,2
570,chr2,71,0.5,1.31943455025356,4,2
571,chr2,72,0.497672755424402,1.15313550870595,4,2
572,chr2,73,0.5,1.26656858815658,4,2
573,chr2,74,0.499527889112644,1.33953129417546,4,2
574,chr2,75,0.496107746136362,1.19471228448676,4,2
575,chr2,76,0.5,1.35527352832591,4,2
576,chr2,77,0.49338399254962,1.43444098185481,4,2
577,chr2,78,0.498120023009487,1.15342748348138,4,2
578,chr2,79,0.495166939705329,1.24485507831861,4,2
579,chr2,80,0.495495937012323,1.36343551118359,4,2
580,chr2,81,0.5,1.31799303218984,4,2
581,chr2,82,0.49768898185299,1.36465191004277,4,2
582,chr2,83,0.5,1.22609774325767,4,2
583,chr2,84,0.498223868431534,1.17370545432265,4,2
584,chr2,85,0.499715953865656,1.42003609470493,4,2
585,chr2,86,0.494785051157298,1.32373879971011,4,2
586,chr2,87,0.499359635376308,1.26686633696277,4,2
587,chr2,88,0.499926646478699,1.25109195212243,4,2
588,chr2,89,0.5,1.49060195826632,5,2
589,chr2,90,0.5,1.25625915251938,4,2
590,chr2,91,0.499879769556071,1.20037220035828,4,2
591,chr2,92,0.5,1.26562671999988,4,2
592,chr2,93,0.5,1.26306290629727,4,2
593,chr2,94,0.498567286970257,1.33746848110469,4,2
594,chr2,95,0.49508325529363,1.38338346652721,4,2
595,chr2,96,0.497792434048085,1.10255792723774,3,1
596,chr2,97,0.5,1.44054119079857,4,2
597,chr2,98,0.5,1.38729865963941,4,2
598,chr2,99,0.5,1.44759152701321,5,2
599,chr2,100,0.497210897464618,1.24229329298307,4,2
600,chr2,101,0.0788348712846604,0.591819869763297,2,0
601,chr2,102,0.0885319015593827,0.69730240163981,2,0
602,chr2,103,0.0872517531010511,0.68831278318909,2,0
603,chr2,104,0.0879470299919282,0.750035593249234,2,0
604,chr2,105,0.0964548040871645,0.817486868746447,2,0
605,chr2,106,0.0747935888499547,0.614918694415311,2,0
606,chr2,107,0.0806917235011249,0.678887897570558,2,0
607,chr2,108,0.080678410424544,0.642948702832723,2,0
608,chr2,109,0.0803412370599961,0.826072172847228,2,0
609,chr2,110,0.0889782858436806,0.605823615951517,2,0
610,chr2,111,0.0816052259725752,0.6065573068976,2,0
611,chr2,112,0.086293810186865,0.730795531174986,2,0
612,chr2,113,0.0825424102640294,0.695779669847411,2,0
613,chr2,114,0.0845064752780714,0.780723865920029,2,0
614,chr2,115,0.0794665666361722,0.729829828123492,2,0
615,chr2,116,0.0797741503341753,0.700890234490658,2,0
616,chr2,117,0.0885642415903866,0.667497087572251,2,0
617,chr2,118,0.0862820270614347,0.584001813781237,2,0
618,chr2,119,0.0760377846339957,0.740576514618584,2,0
619,chr2,120,0.0859569795784745,0.557555757646428,1,0
620,chr2,121,0.0922415556640285,0.844551984480319,2,0
621,chr2,122,0.0822628085667147,0.789316615681366,2,0
622,chr2,123,0.087649748595886,0.658134230277037,2,0
623,chr2,124,0.0722131576540095,0.799915620436436,2,0
624,chr2,125,0.089591188023734,0.699955851785964,2,0
625,chr2,126,0.0806678948912827,0.708796450109123,2,0
626,chr2,127,0.0873388469664596,0.336233443066083,1,0
627,chr2,128,0.0841743351222837,0.529821341488516,1,0
628,chr2,129,0.0885081227563058,0.543842381667851,1,0
629,chr2,130,0.0758595077452414,0.762829291479026,2,0
630,chr2,131,0.101111370198569,0.738128498025429,2,0
631,chr2,132,0.0969806717431559,0.642245231210167,2,0
632,chr2,133,0.08328548819893,0.499326546469509,1,0
633,chr2,134,0.0804883662308626,0.650351238675019,2,0
634,chr2,135,0.0846184638751499,0.557051758606078,1,0
635,chr2,136,0.0869046867996561,0.885649839356183,3,0
636,chr2,137,0.0881578150215618,0.667050623306167,2,0
637,chr2,138,0.0859995883197734,0.614076045239257,2,0
638,chr2,139,0.0824388725035626,0.642353849316201,2,0
639,chr2,140,0.0902843695645324,0.648387305641892,2,0
640,chr2,141,0.0761485496223098,0.512180019605597,1,0
641,chr2,142,0.080792971653143,0.774313867181713,2,0
642,chr2,143,0.0798900649650646,0.77845402906001,2,0
643,chr2,144,0.0861059323357486,0.774896001773163,2,0
644,chr2,145,0.0755934967882983,0.604674944070248,2,0
645,chr2,146,0.0875920105531702,0.74063982705264,2,0
646,chr2,147,0.0801013827031692,0.893000203636217,3,0
647,chr2,148,0.0892265698906068,0.656692300689727,2,0
648,chr2,149,0.0805220053915221,0.701253890111411,2,0
649,chr2,150,0.0914465054061382,0.782535384714535,2,0
650,chr2,151,0.0916067721530187,0.65407357076124,2,0
651,chr2,152,0.0859275826872312,0.709371584753693,2,0
652,chr2,153,0.0821869541165235,0.96988375567095,3,0
653,chr2,154,0.0894004496833542,0.709582258135191,2,0
654,chr2,155,0.089760468670836,0.689743728137409,2,0
655,chr2,156,0.0905087855174085,0.845220706128386,2,0
656,chr2,157,0.0882816223456884,0.643474583176186,2,0
657,chr2,158,0.0754312463267064,0.652873559234829,2,0
658,chr2,159,0.0866654243762785,0.656359776773621,2,0
659,chr2,160,0.0908191182118359,0.77304132409592,2,0
660,chr2,161,0.0895957283724363,0.585406078360088,2,0
661,chr2,162,0.0759787805802069,0.704033362178318,2,0
662,chr2,163,0.0841030654534647,0.765306931601555,2,0
663,chr2,164,0.0856205470653511,0.68605206995433,2,0
664,chr2,165,0.0907905755626914,0.873316714062574,3,0
665,chr2,166,0.0825959082146342,0.806266546666544,2,0
666,chr2,167,0.0824461038281899,0.859227596730268,3,0
667,chr2,168,0.0921032705388697,0.6886107351331,2,0
668,chr2,169,0.0842813166105464,0.685503344145796,2,0
669,chr2,170,0.0812072787844928,0.711642231685601,2,0
670,chr2,171,0.0820720144387946,0.617635949903942,2,0
671,chr2,172,0.0786134590833992,0.653622998567606,2,0
672,chr2,173,0.0916071314037579,0.781193038977177,2,0
673,chr2,174,0.0922891123439227,0.691849881629861,2,0
674,chr2,175,0.0774159332621253,0.814455572048517,2,0
675,chr2,176,0.0964180175796302,0.583417886795505,2,0
676,chr2,177,0.0890749750932125,0.761730500839561,2,0
677,chr2,178,0.0848755320695868,0.683333931245199,2,0
678,chr2,179,0.0852296519030943,0.838140251879866,2,0
679,chr2,180,0.0886905388447426,0.583122530481671,2,0
680,chr2,181,0.0884799240719349,0.630888073665292,2,0
681,chr2,182,0.0844336808546268,0.632823579531922,2,0
682,chr2,183,0.0851901852133331,0.605614309555092,2,0
683,chr2,184,0.0875510676755101,0.818335260235234,2,0
684,chr2,185,0.0884672410308115,0.934036022776475,3,0
685,chr2,186,0.0856022157811264,0.629861161953868,2,0
686,chr2,187,0.086307380320766,0.884124224506142,3,0
687,chr2,188,0.0840042462489511,0.566332238438333,2,0
688,chr2,189,0.0912000436059783,0.725245275555856,2,0
689,chr2,190,0.0830009503934091,0.696402760011102,2,0
690,chr2,191,0.0902647033476885,0.742417172664132,2,0
691,chr2,192,0.0878486502655981,0.802616263395259,2,0
692,chr2,193,0.0999483557711501,0.528011725555133,1,0
693,chr2,194,0.086966432495935,0.740946606312156,2,0
694,chr2,195,0.0764966026936579,0.675579692704274,2,0
695,chr2,196,0.0814182536403013,0.755904299135024,2,0
696,chr2,197,0.0846436181284861,0.741651740497824,2,0
697,chr2,198,0.0809574160441059,0.761183437844397,2,0
698,chr2,199,0.0897974510481388,0.710911473392356,2,0
699,chr2,200,0.0851310870183903,0.695368550877783,2,0
700,chr2,201,0.14730964667622,0.247456356330953,1,0
701,chr2,202,0.149889075534237,0.475938631997474,1,0
702,chr2,203,0.137227812382874,0.267594640529311,1,0
703,chr2,204,0.146756741914369,0.584471545096209,2,0
704,chr2,205,0.146751143425781,0.384224428148728,1,0
705,chr2,206,0.141025304888735,0.425163032283071,1,0
706,chr2,207,0.149681888869738,0.286124205072826,1,0
707,chr2,208,0.141610485286825,0.481616880273778,1,0
708,chr2,209,0.14823453465594,0.401650313417594,1,0
709,chr2,210,0.148430403068091,0.419098308071787,1,0
710,chr2,211,0.143742980320835,0.442097342937735,1,0
711,chr2,212,0.142073159520362,0.531841425219507,1,0
712,chr2,213,0.139681129046383,0.26641098892727,1,0
713,chr2,214,0.146739627978239,0.437730927166103,1,0
714,chr2,215,0.136101795284823,0.355189711280732,1,0
715,chr2,216,0.147893671157464,0.475288462264967,1,0
716,chr2,217,0.145227123133286,0.300099022809143,1,0
717,chr2,218,0.150151709654626,0.422298661586958,1,0
718,chr2,219,0.153482350705461,0.385201140617715,1,0
719,chr2,220,0.149445351630258,0.409584972852958,1,0
720,chr2,221,0.151831446450354,0.294929528442327,1,0
721,chr2,222,0.142094062144672,0.435930719044993,1,0
722,chr2,223,0.14569287245804,0.544357609753979,1,0
723,chr2,224,0.139485371272701,0.503895388386971,1,0
724,chr2,225,0.145694105562711,0.501679882680937,1,0
725,chr2,226,0.143703790625416,0.492635030863294,1,0
726,chr2,227,0.148189323587724,0.437766580185465,1,0
727,chr2,228,0.140151629958475,0.421686453381062,1,0
728,chr2,229,0.132235779140921,0.5987390697563,2,0
729,chr2,230,0.145274390641022,0.412119643044272,1,0
730,chr2,231,0.151230949509786,0.57038863956504,2,0
731,chr2,232,0.14810605485376,0.436756351518075,1,0
732,chr2,233,0.139149083145258,0.437459202598741,1,0
733,chr2,234,0.145053980827578,0.554496721103101,1,0
734,chr2,235,0.152269056228486,0.432466017438293,1,0
735,chr2,236,0.146094062581129,0.325019997300768,1,0
736,chr2,237,0.152549919423612,0.474756577599116,1,0
737,chr2,238,0.144344057538055,0.552166981384431,1,0
738,chr2,239,0.150585166922878,0.355178876755357,1,0
739,chr2,240,0.153375251308907,0.384112056857234,1,0
740,chr2,241,0.147345028576995,0.444991414428501,1,0
741,chr2,242,0.142307180901518,0.330839673168159,1,0
742,chr2,243,0.140588022973202,0.544092910316094,1,0
743,chr2,244,0.147935578878187,0.436119282838351,1,0
744,chr2,245,0.147832202216876,0.362166969125741,1,0
745,chr2,246,0.144689841612931,0.448146829857259,1,0
746,chr2,247,0.145738608950256,0.329436496718755,1,0
747,chr2,248,0.144518565969202,0.373716808253521,1,0
748,chr2,249,0.149716916223269,0.235745539871174,1,0
749,chr2,250,0.145352800159108,0.444436142492703,1,0
750,chr2,251,0.148965236650356,0.502200574888743,1,0
751,chr2,252,0.147866887826873,0.540518342594671,1,0
752,chr2,253,0.143432630049335,0.346184438011842,1,0
753,chr2,254,0.147720552486214,0.293501176229969,1,0
754,chr2,255,0.153124819480907,0.60089672721256,2,0
755,chr2,256,0.146666465995859,0.539379840708875,1,0
756,chr2,257,0.144330533493507,0.421363449135204,1,0
757,chr2,258,0.140264817825544,0.367104480591293,1,0
758,chr2,259,0.1426560572864,0.425483222612285,1,0
759,chr2,260,0.14382281834672,0.537341440745488,1,0
760,chr2,261,0.138818942532154,0.440413024079019,1,0
761,chr2,262,0.138552493227212,0.4226331249864,1,0
762,chr2,263,0.143132511607125,0.57075716547399,2,0
763,chr2,264,0.147314032811517,0.589137836099552,2,0
764,chr2,265,0.149006166642927,0.427486741665157,1,0
765,chr2,266,0.144122337610376,0.468580320739433,1,0
766,chr2,267,0.149743901137031,0.428159532884197,1,0
767,chr2,268,0.143770220277852,0.45237991857377,1,0
768,chr2,269,0.14637546944267,0.637765017014879,2,0
769,chr2,270,0.151187738504976,0.253790707034787,1,0
770,chr2,271,0.134529394278007,0.275196223367338,1,0
771,chr2,272,0.137979545473195,0.289609403360442,1,0
772,chr2,273,0.148306754204711,0.393668373959049,1,0
773,chr2,274,0.144410048436104,0.408870987710725,1,0
774,chr2,275,0.154867469599696,0.277145288408037,1,0
775,chr2,276,0.145770353519832,0.419780982678774,1,0
776,chr2,277,0.139763131843324,0.567404152531806,2,0
777,chr2,278,0.143853033294008,0.452458282513012,1,0
778,chr2,279,0.133519494763763,0.423180124346939,1,0
779,chr2,280,0.147031084997341,0.436047733213047,1,0
780,chr2,281,0.146154432467375,0.396706009064709,1,0
781,chr2,282,0.142692032049197,0.306873987239902,1,0
782,chr2,283,0.149711291884265,0.310609297359655,1,0
783,chr2,284,0.148592551197663,0.442263271576236,1,0
784,chr2,285,0.139443784138019,0.459987276753385,1,0
785,chr2,286,0.147507859711742,0.326380636941291,1,0
786,chr2,287,0.154047873620746,0.351992794658706,1,0
787,chr2,288,0.153037151446777,0.534419488165497,1,0
788,chr2,289,0.14388104768138,0.355786987269502,1,0
789,chr2,290,0.146939070962794,0.472658816878071,1,0
790,chr2,291,0.142030476002226,0.418458514642806,1,0
791,chr2,292,0.139889252207528,0.40613277441634,1,0
792,chr2,293,0.146907183410204,0.319590064445737,1,0
793,chr2,294,0.13862380705963,0.630792787100478,2,0
794,chr2,295,0.14169002351183,0.681637634843482,2,0
795,chr2,296,0.155851995742093,0.317948230974906,1,0
796,chr2,297,0.154695209750402,0.472939454827225,1,0
797,chr2,298,0.148951325938771,0.314330146145822,1,0
798,chr2,299,0.146778990281807,0.501683841709586,1,0
799,chr2,300,0.142699314171536,0.378982906633997,1,0
800,chr2,301,0.21839824244169,1.44369814409697,5,1
801,chr2,302,0.22245336363492,1.74724417616803,6,1
802,chr2,303,0.225898766194869,1.52395640271755,5,1
803,chr2,304,0.216671045750171,1.75919985079668,6,1
804,chr2,305,0.222172301984889,1.79095240704182,6,1
805,chr2,306,0.220492808148894,1.42174948283563,4,1
806,chr2,307,0.231100474528556,1.71783497767255,5,1
807,chr2,308,0.221346255078896,1.43795811132328,4,1
808,chr2,309,0.213986046343446,1.55385940082275,5,1
809,chr2,310,0.22223366137819,1.60907356473969,5,1
810,chr2,311,0.22701645898353,1.59899313732025,5,1
811,chr2,312,0.22801818493225,1.51550132339633,5,1
812,chr2,313,0.222349324702969,1.46152442927196,5,1
813,chr2,314,0.217699802182866,1.60495796462989,5,1
814,chr2,315,0.22791615066723,1.65584570435094,5,1
815,chr2,316,0.224645848654026,1.74486757979505,6,1
816,chr2,317,0.224175462417078,1.57798090401522,5,1
817,chr2,318,0.217242104545729,1.47842017012431,5,1
818,chr2,319,0.231866624898288,1.6698376617878,5,1
819,chr2,320,0.229555484717667,1.46572219011184,5,1
820,chr2,321,0.215062330511289,1.63307145741755,5,1
821,chr2,322,0.22560445266816,1.64417224616565,5,1
822,chr2,323,0.226890861566973,1.6021877913241,5,1
823,chr2,324,0.228050625864372,1.4858129333569,5,1
824,chr2,325,0.227790433640354,1.64291901665246,5,1
825,chr2,326,0.219828432420354,1.5015910856625,5,1
826,chr2,327,0.225984535539588,1.6813126779646,5,1
827,chr2,328,0.224576649531649,1.50966628737368,5,1
828,chr2,329,0.212202015112545,1.69485905701206,5,1
829,chr2,330,0.219760448044135,1.57315374294051,5,1
830,chr2,331,0.222099539910029,1.25989136600131,4,1
831,chr2,332,0.229419152126403,1.67980307274895,5,1
832,chr2,333,0.229901836522324,1.5528871164669,5,1
833,chr2,334,0.227972971783848,1.50795093535551,5,1
834,chr2,335,0.223541746217841,1.77176960873148,6,1
835,chr2,336,0.225308158352956,1.66262471684654,5,1
836,chr2,337,0.223873986291992,1.48322885665743,5,1
837,chr2,338,0.228293943900462,1.40939319170945,4,1
838,chr2,339,0.218877430856327,1.48329351859684,5,1
839,chr2,340,0.219992758584062,1.71192509009196,5,1
840,chr2,341,0.228310486566418,1.75112436957433,6,1
841,chr2,342,0.214350355716309,1.67070077551842,5,1
842,chr2,343,0.22558218685893,1.58257142540458,5,1
843,chr2,344,0.220295385015432,1.40062840527629,4,1
844,chr2,345,0.218351779352388,1.57904701553436,5,1
845,chr2,346,0.221551863838035,1.6255227612755,5,1
846,chr2,347,0.223338485549969,1.53280722804715,5,1
847,chr2,348,0.226567202762538,1.61258726806555,5,1
848,chr2,349,0.235329042847453,1.59114341398504,5,1
849,chr2,350,0.214427334105661,1.46802166833665,5,1
850,chr2,351,0.218914958589213,1.58004847915133,5,1
851,chr2,352,0.2206925490648,1.73310029778014,5,1
852,chr2,353,0.216046170964414,1.58279965770262,5,1
853,chr2,354,0.229475674348685,1.52014363083614,5,1
854,chr2,355,0.226884720842304,1.55865027203053,5,1
855,chr2,356,0.217815780060165,1.62874895514749,5,1
856,chr2,357,0.224184694344178,1.6447622127602,5,1
857,chr2,358,0.217570136128517,1.4553084467894,5,1
858,chr2,359,0.224169294306995,1.61471165992299,5,1
859,chr2,360,0.22492250485362,1.61648594807035,5,1
860,chr2,361,0.229125209706041,1.50358361495985,5,1
861,chr2,362,0.226993028482321,1.56177893268277,5,1
862,chr2,363,0.221837840163197,1.66646510071675,5,1
863,chr2,364,0.227045607397945,1.53458174116537,5,1
864,chr2,365,0.214225036080845,1.48043734524443,5,1
865,chr2,366,0.229305213152297,1.64035128554121,5,1
866,chr2,367,0.211270490526748,1.67212686747843,5,1
867,chr2,368,0.229170427701229,1.49924891279135,5,1
868,chr2,369,0.232662129934335,1.68777695976951,5,1
869,chr2,370,0.221508713023497,1.56091672384522,5,1
870,chr2,371,0.224303847918863,1.70982871752641,5,1
871,chr2,372,0.228000706342221,1.69897231611697,5,1
872,chr2,373,0.220535377799333,1.51596118642456,5,1
873,chr2,374,0.227983179534879,1.53335970565433,5,1
874,chr2,375,0.218070895891868,1.62166514945807,5,1
875,chr2,376,0.226650688678253,1.55609797851799,5,1
876,chr2,377,0.227983203096789,1.63751522569572,5,1
877,chr2,378,0.221121320764939,1.6047791422172,5,1
878,chr2,379,0.219271156946373,1.4301820709298,4,1
879,chr2,380,0.228106474003548,1.63814014819346,5,1
880,chr2,381,0.224854015521125,1.49372451265338,5,1
881,chr2,382,0.213948815106436,1.47655743055712,5,1
882,chr2,383,0.218109277586694,1.76567942038718,6,1
883,chr2,384,0.219251376000724,1.54942128411773,5,1
884,chr2,385,0.220380739341719,1.59503730755586,5,1
885,chr2,386,0.215263664562211,1.56531407421138,5,1
886,chr2,387,0.216014612091673,1.70154996663725,5,1
887,chr2,388,0.226805030938633,1.58846624554116,5,1
888,chr2,389,0.224042344781962,1.51877269576728,5,1
889,chr2,390,0.216224128350983,1.46971267131518,5,1
890,chr2,391,0.22582856407183,1.5090795720912,5,1
891,chr2,392,0.230239438459684,1.57573842854764,5,1
892,chr2,393,0.21736875401182,1.50167106696235,5,1
893,chr2,394,0.226997219830752,1.54347181919188,5,1
894,chr2,395,0.22021464767936,1.60244576113739,5,1
895,chr2,396,0.216546769825623,1.7642124093588,6,1
896,chr2,397,0.227663253215232,1.59113282650021,5,1
897,chr2,398,0.223835276571412,1.71721809106625,5,1
898,chr2,399,0.215053894408197,1.62693206357773,5,1
899,chr2,400,0.22566476623916,1.67837848584566,5,1
900,chr2,401,0.0814537840255988,0.888046670450594,3,0
901,chr2,402,0.0826739156872091,0.879893581216468,3,0
902,chr2,403,0.0950964278818215,0.792568823816556,2,0
903,chr2,404,0.0863480612098865,0.694713690267266,2,0
904,chr2,405,0.0892323690896425,0.790479985249723,2,0
905,chr2,406,0.0868552077225314,0.763697907075568,2,0
906,chr2,407,0.0874293840289549,0.731556478472535,2,0
907,chr2,408,0.0849867458784526,0.841482396733879,2,0
908,chr2,409,0.0799452692648685,0.695493904100069,2,0
909,chr2,410,0.0906045887320113,0.596665450412761,2,0
910,chr2,411,0.0765549455138083,0.703798537488153,2,0
911,chr2,412,0.0874088110331808,0.793062511274677,2,0
912,chr2,413,0.0828713855150184,0.620239773231872,2,0
913,chr2,414,0.0845110653577432,0.649175005945989,2,0
914,chr2,415,0.086383120501318,0.75909969623096,2,0
915,chr2,416,0.0766818825985508,0.612985211224102,2,0
916,chr2,417,0.0862356513928996,0.816460256077999,2,0
917,chr2,418,0.0914344607065958,0.755364047946745,2,0
918,chr2,419,0.083958356279224,0.734811360708866,2,0
919,chr2,420,0.0874741301968798,0.736632465342286,2,0
920,chr2,421,0.0944473011417862,0.676515376329098,2,0
921,chr2,422,0.0769569108720575,0.85728255831055,3,0
922,chr2,423,0.0799764319704658,0.690297612280129,2,0
923,chr2,424,0.0811325813495649,0.530926909380794,1,0
924,chr2,425,0.0763422400304749,0.827384510981307,2,0
925,chr2,426,0.0932159622456658,0.761414399987957,2,0
926,chr2,427,0.0855087450346451,0.838291361179709,2,0
927,chr2,428,0.089779785968733,0.837523184091089,2,0
928,chr2,429,0.0894541198395115,0.81082848588788,2,0
929,chr2,430,0.0802123193580172,0.591670498736224,2,0
930,chr2,431,0.0758158450936743,0.656207759976041,2,0
931,chr2,432,0.0781186473692316,0.767977724228842,2,0
932,chr2,433,0.0824005482087969,0.72392557956258,2,0
933,chr2,434,0.0865697105039595,0.563427971874219,2,0
934,chr2,435,0.0885034405728528,0.712586409161343,2,0
935,chr2,436,0.0859493896439761,0.702912623678358,2,0
936,chr2,437,0.0853097253995193,0.484940262643822,1,0
937,chr2,438,0.0790705899123071,0.76652754548449,2,0
938,chr2,439,0.0922423068824776,0.802301878167231,2,0
939,chr2,440,0.0917169376641175,0.704448922676549,2,0
940,chr2,441,0.0819927741316472,0.754841193117651,2,0
941,chr2,442,0.0853483764107517,0.747173704148342,2,0
942,chr2,443,0.0788821912076919,0.629608016661124,2,0
943,chr2,444,0.0880887177175921,0.790103399140383,2,0
944,chr2,445,0.084050595470781,0.669365443068808,2,0
945,chr2,446,0.0813066734841584,0.609146722303769,2,0
946,chr2,447,0.0826381793461865,0.708537515566309,2,0
947,chr2,448,0.0880731947541154,0.855340444647079,2,0
948,chr2,449,0.0880318576669208,0.731844590970657,2,0
949,chr2,450,0.0830789622106574,0.653679442353928,2,0
950,chr2,451,0.079200319367417,0.720969621718646,2,0
951,chr2,452,0.0837000972518235,0.577709622067444,2,0
952,chr2,453,0.083283781356553,0.846388394178789,2,0
953,chr2,454,0.0868032031852221,0.762904585286473,2,0
954,chr2,455,0.0830914782778874,0.725792657463512,2,0
955,chr2,456,0.0849605217446441,0.786704559617029,2,0
956,chr2,457,0.0842059641610431,0.816687758679195,2,0
957,chr2,458,0.0836975290631718,0.981155327305037,3,0
958,chr2,459,0.0882300073082544,0.592045459705478,2,0
959,chr2,460,0.0843000412509135,0.617754086402811,2,0
960,chr2,461,0.0827156102113538,0.644694266616225,2,0
961,chr2,462,0.0848829335635189,0.648367268187107,2,0
962,chr2,463,0.0855799653373701,0.750643244921304,2,0
963,chr2,464,0.0942936279718341,0.709397914558077,2,0
964,chr2,465,0.0911833251596147,0.5993739682856,2,0
965,chr2,466,0.077202862052036,0.617453904050433,2,0
966,chr2,467,0.0856502856180883,0.751806390904452,2,0
967,chr2,468,0.0880734463565021,0.696576783862939,2,0
968,chr2,469,0.0788411346700135,0.670775582910162,2,0
969,chr2,470,0.0902448958343612,0.761628658307964,2,0
970,chr2,471,0.090065531061469,0.834145954706699,2,0
971,chr2,472,0.0832502419559305,0.851364300091975,2,0
972,chr2,473,0.0803588317305055,0.696924540422803,2,0
973,chr2,474,0.0885199229851199,0.720832494127536,2,0
974,chr2,475,0.0843892304160127,0.719276231291917,2,0
975,chr2,476,0.077379546490738,0.707661693169252,2,0
976,chr2,477,0.0821947609160219,0.801140254387613,2,0
977,chr2,478,0.0873448413928431,0.721376793404505,2,0
978,chr2,479,0.0828185929791078,0.593948046262663,2,0
979,chr2,480,0.0913426868150855,0.781528705039389,2,0
980,chr2,481,0.0823076497028718,0.819894480042863,2,0
981,chr2,482,0.0876725761178937,0.686645963268186,2,0
982,chr2,483,0.080794632211619,0.606739086462664,2,0
983,chr2,484,0.0799450800867794,0.634576500456192,2,0
984,chr2,485,0.0834167738046187,0.727238418719156,2,0
985,chr2,486,0.0872284084246495,0.687166256138342,2,0
986,chr2,487,0.0867409866892187,0.61588597350112,2,0
987,chr2,488,0.08568385692913,0.723629352151468,2,0
988,chr2,489,0.0838476651040815,0.841968100942874,2,0
989,chr2,490,0.0867008156991564,0.643077207706737,2,0
990,chr2,491,0.0824928420658907,0.662988217362952,2,0
991,chr2,492,0.0913196756800958,0.591316609209749,2,0
992,chr2,493,0.0840118323782158,0.52090028129433,1,0
993,chr2,494,0.0797366418435894,0.629363110897033,2,0
994,chr2,495,0.0855062508596078,0.543552476110767,1,0
995,chr2,496,0.0894746149432486,0.878415874634556,3,0
996,chr2,497,0.083958688045776,0.742892475436961,2,0
997,chr2,498,0.0814785320394115,0.554520796398658,1,0
998,chr2,499,0.0933821553494231,0.558437597212438,1,0
999,chr2,500,0.0805166150643855,0.73774168252025,2,0
